{
  "hash": "bff2d7e6",
  "configHash": "558f4772",
  "lockfileHash": "8c4ff534",
  "browserHash": "79ebdf9f",
  "optimized": {
    "@angular/common": {
      "src": "../../../../../node_modules/@angular/common/fesm2022/common.mjs",
      "file": "@angular_common.js",
      "fileHash": "368f5127",
      "needsInterop": false
    },
    "@angular/common/http": {
      "src": "../../../../../node_modules/@angular/common/fesm2022/http.mjs",
      "file": "@angular_common_http.js",
      "fileHash": "fab50840",
      "needsInterop": false
    },
    "@angular/core": {
      "src": "../../../../../node_modules/@angular/core/fesm2022/core.mjs",
      "file": "@angular_core.js",
      "fileHash": "b3bd2f69",
      "needsInterop": false
    },
    "@angular/forms": {
      "src": "../../../../../node_modules/@angular/forms/fesm2022/forms.mjs",
      "file": "@angular_forms.js",
      "fileHash": "9485f5c8",
      "needsInterop": false
    },
    "@angular/platform-browser": {
      "src": "../../../../../node_modules/@angular/platform-browser/fesm2022/platform-browser.mjs",
      "file": "@angular_platform-browser.js",
      "fileHash": "35eb8be8",
      "needsInterop": false
    },
    "@angular/router": {
      "src": "../../../../../node_modules/@angular/router/fesm2022/router.mjs",
      "file": "@angular_router.js",
      "fileHash": "da2b06a4",
      "needsInterop": false
    },
    "rxjs/operators": {
      "src": "../../../../../node_modules/rxjs/dist/esm5/operators/index.js",
      "file": "rxjs_operators.js",
      "fileHash": "c76c2a82",
      "needsInterop": false
    }
  },
  "chunks": {
    "chunk-ECOPY66L": {
      "file": "chunk-ECOPY66L.js"
    },
    "chunk-XJNSDCHX": {
      "file": "chunk-XJNSDCHX.js"
    },
    "chunk-W3BD7KD6": {
      "file": "chunk-W3BD7KD6.js"
    },
    "chunk-EZN7TNOC": {
      "file": "chunk-EZN7TNOC.js"
    },
    "chunk-IPLFCT6M": {
      "file": "chunk-IPLFCT6M.js"
    }
  }
}